algorithm,recall,precision,coverage_f1,jensenshannon,ari,ami,quality_f1,v_measure
2,0.8505250474182849,0.8518067970390588,0.8506764629547093,0.13377039401487112,1.0,1.0,1.0,1.0
