algorithm,recall,precision,coverage_f1,jensenshannon,ari,ami,quality_f1,v_measure
2,0.7936311742921045,0.7987398345649964,0.7952450559353014,0.16391877765978985,1.0,1.0,1.0,1.0
