algorithm,recall,precision,coverage_f1,jensenshannon,ari,ami,quality_f1,v_measure
6,0.44419537561929073,0.5969395480781298,0.5074380511585636,0.3143334291129256,0.15338743928058848,0.28251463399056187,0.19664360298834602,0.39319903967506187
