algorithm,recall,precision,coverage_f1,jensenshannon,ari,ami,quality_f1,v_measure
6,0.446314013689788,0.6054301793264087,0.5120521023453323,0.3154746587302413,0.15136241725889737,0.28310945765753603,0.1945100934930537,0.39415511163014716
