algorithm,recall,precision,coverage_f1,jensenshannon,ari,ami,quality_f1,v_measure
4,0.42391657344544237,0.5747033595862685,0.4854945522526666,0.3376208734031417,0.05960225174788844,0.31917692998289265,0.09798272401794247,0.4324751819814625
