algorithm,recall,precision,coverage_f1,jensenshannon,ari,ami,quality_f1,v_measure
4,0.3926515839106331,0.530043810980701,0.449079662107037,0.33898137933346506,0.06251846149561764,0.31045719594430277,0.10195703441172213,0.4257158991128318
