algorithm,recall,precision,coverage_f1,jensenshannon,ari,ami,quality_f1,v_measure
5,0.4366913464949022,0.568062245739762,0.4897808763892233,0.32345100556879114,0.24405611823213733,0.3800829838604671,0.29501385391386786,0.4769039393776266
