algorithm,recall,precision,coverage_f1,jensenshannon,ari,ami,quality_f1,v_measure
5,0.4409428744298745,0.5680776106388771,0.4922324789024346,0.32189140278029676,0.24249783255711949,0.3775194442067764,0.29323955356457587,0.47432468567436664
