algorithm,recall,precision,coverage_f1,jensenshannon,ari,ami,quality_f1,v_measure
3,0.408767879510298,0.5513611351499011,0.4665757269543341,0.32979417654140447,0.04868717137552713,0.2321119035595372,0.0784781001377859,0.3642747163791743
