algorithm,recall,precision,coverage_f1,jensenshannon,ari,ami,quality_f1,v_measure
3,0.385441362214913,0.5229209163896025,0.4418680271150543,0.3335120211982144,0.04520884596142543,0.2373705237602722,0.07378868220097524,0.36843318268797376
